{"tissue_hires_scalef": 0.048109304, "tissue_lowres_scalef": 0.014432792, "fiducial_diameter_fullres": 285.1934000000001, "spot_diameter_fullres": 176.54829999999995}